"district","state","latitude","longitude"
"Adilabad","Andhra Pradesh",19.300265396150905,78.87046790416002
"Agra","Uttar Pradesh",27.074989480779475,78.13836533651526
"Ahmadabad","Gujarat",22.740060207461937,72.22530709614898
"Ahmadnagar","Maharashtra",19.159232423592044,74.60452596843061
"Aizawl","Mizoram",23.84140014755367,92.91511246806247
"Ajmer","Rajasthan",26.31381449973204,74.63081026276575
"Akola","Maharashtra",20.762082652670305,77.15466009646316
"Alappuzha","Kerala",9.487389333414159,76.48715506113014
"Aligarh","Uttar Pradesh",27.873478501193603,78.0500012606575
"Alirajpur","Madhya Pradesh",22.284659816473976,74.38867532137195
"Allahabad","Uttar Pradesh",25.279349154387887,81.93671308700638
"Almora","Uttarakhand",29.70434044608362,79.5546739159443
"Alwar","Rajasthan",27.63871509339947,76.66720530316556
"Ambala","Haryana",30.323005692788215,76.87869605476334
"Ambedkar Nagar","Uttar Pradesh",26.40641609053087,82.67797131902384
"Amravati","Maharashtra",21.15447679641699,77.53885564110887
"Amreli","Gujarat",21.36639623829671,71.37187675007749
"Amritsar","Punjab",31.767861478027456,74.94546599315032
"Anand","Gujarat",22.442333544291174,72.78171866749724
"Anantapur","Andhra Pradesh",14.457534433144618,77.61593446391902
"Anantnag","Jammu & Kashmir",33.79160182727228,75.38188049128675
"Anjaw","Arunanchal Pradesh",28.037946782344235,96.84595645945014
"Anugul","Odisha",21.102669728181745,84.83078957153432
"Anuppur","Madhya Pradesh",23.034131005327904,81.66123972006072
"Araria","Bihar",26.264704560839366,87.36771846179434
"Ariyalur","Tamil Nadu",11.151319868067723,79.22641902354542
"Ashoknagar","Madhya Pradesh",24.61867481291302,77.87567297967678
"Auraiya","Uttar Pradesh",26.655138500950677,79.49364331520908
"Aurangabad","Bihar",24.804635760587786,84.37721879961455
"Aurangabad","Maharashtra",20.024411263797226,75.24300069920932
"Azamgarh","Uttar Pradesh",26.043203448345345,83.08838811193739
"Badgam","Jammu & Kashmir",33.8653769032023,74.6618760043601
"Bagalkot","Karnataka",16.29041933167464,75.66378343566467
"Bageshwar","Uttarakhand",29.99982378758537,79.81537220953703
"Baghpat","Uttar Pradesh",29.036445453260782,77.32009558106375
"Bahraich","Uttar Pradesh",27.731433917563237,81.40370481821668
"Baksa","Assam",26.647713732828645,91.30482244021665
"Balaghat","Madhya Pradesh",21.858787599412665,80.2797247416967
"Balangir","Odisha",20.608713295000264,83.18225342576329
"Baleshwar","Odisha",21.3760951596787,86.92384843290742
"Ballia","Uttar Pradesh",25.875766532055053,84.15815999665733
"Balrampur","Uttar Pradesh",27.448964344898364,82.3956246558891
"Banas Kantha","Gujarat",24.26988739132572,72.14470565247419
"Banda","Uttar Pradesh",25.443449945230235,80.57185220535595
"Bandipore","Jammu & Kashmir",34.589056503359075,74.89963514473322
"Bangalore Rural","Karnataka",12.925525521015677,77.57464501356833
"Bangalore","Karnataka",12.944267627671326,77.58303159052434
"Banka","Bihar",24.831715070940845,86.83095397544596
"Bankura","West Bengal",23.13315951355669,87.18830360630263
"Banswara","Rajasthan",23.492441911056442,74.36698370487406
"Bara Banki","Uttar Pradesh",26.93894282155576,81.32996759467255
"Bargarh","Odisha",21.234246714663833,83.27670795883583
"Baramula","Jammu & Kashmir",34.128399555607785,74.4220786898821
"Baran","Rajasthan",24.918286808667553,76.82091742079055
"Barddhaman","West Bengal",23.407777582910885,87.60813291534205
"Bareilly","Uttar Pradesh",28.453450916304828,79.3787588171225
"Barmer","Rajasthan",25.581178635193154,71.46719185253397
"Barnala","Punjab",30.386388038195584,75.49207347714845
"Barpeta","Assam",26.37666831391477,90.98331772916048
"Barwani","Madhya Pradesh",21.75195153363648,75.03112019177703
"Bastar","Chhattisgarh",19.44364232836874,81.77045439499035
"Basti","Uttar Pradesh",26.83167881576341,82.60326339227137
"Bathinda","Punjab",30.178057102963898,75.00514722849204
"Bauda","Odisha",20.64456304883921,84.18428920274299
"Begusarai","Bihar",25.51302659161218,86.1258053966005
"Belgaum","Karnataka",16.157548197909676,74.77487219034819
"Bellary","Karnataka",15.197651359734436,76.41738606108788
"Betul","Madhya Pradesh",21.87963721590775,77.77925056897831
"Bhadrak","Odisha",20.986847213462198,86.62754644257598
"Bhagalpur","Bihar",25.281890993914644,87.0963416033241
"Bhandara","Maharashtra",21.12109664483976,79.76816658007823
"Bharatpur","Rajasthan",27.261680061368892,77.32223444045651
"Bharuch","Gujarat",21.833790514713343,73.00328521501339
"Bhavnagar","Gujarat",21.673749035305164,71.87814113496867
"Bhilwara","Rajasthan",25.48832656545682,74.73844749838062
"Bhind","Madhya Pradesh",26.349631920944095,78.67715783350314
"Bhiwani","Haryana",28.73018430110447,75.9710874517622
"Bhojpur","Bihar",25.449418228539777,84.56462758413969
"Bhopal","Madhya Pradesh",23.492623762886836,77.4101529665495
"Bid","Maharashtra",18.947310161088797,75.77490288360438
"Bidar","Karnataka",18.03008467339324,77.1747406004365
"Bijapur","Chhattisgarh",18.771740540242956,80.74032122125314
"Bijapur","Karnataka",16.814278238059853,75.90206266625555
"Bijnor","Uttar Pradesh",29.40992207441142,78.46441733301526
"Bikaner","Rajasthan",28.119146852542695,73.12835305623928
"Bilaspur","Chhattisgarh",22.413616206570637,81.97951723011212
"Bilaspur","Himachal Pradesh",31.404404828414673,76.66071171518593
"Birbhum","West Bengal",24.06173532650112,87.55875889633066
"Bishnupur","Manipur",24.511375764638295,93.80025425212173
"Bokaro","Jharkhand",23.694939524191234,86.01437082217737
"Bongaigaon","Assam",26.35799201544367,90.62162641078567
"Budaun","Uttar Pradesh",28.06696522077889,78.89301165536187
"Bulandshahr","Uttar Pradesh",28.391223151392197,78.06207141144851
"Buldana","Maharashtra",20.563583638749705,76.37800507039913
"Bundi","Rajasthan",25.439016561823006,75.795079965213
"Burhanpur","Madhya Pradesh",21.33540745242489,76.37120849891272
"Buxar","Bihar",25.504404427830103,84.08361062206075
"Cachar","Assam",24.75821679079462,92.84130438690357
"Central","NCT of Delhi",28.64146176069307,77.2206008388026
"Chamba","Himachal Pradesh",32.69400696201542,76.34365881168398
"Chamoli","Uttarakhand",30.50061241148412,79.5924004930765
"Champawat","Uttarakhand",29.28925479081023,80.05919369237782
"Champhai","Mizoram",23.541986846014765,93.22770704118125
"Chamrajnagar","Karnataka",11.947491348869537,77.09186141084457
"Chandauli","Uttar Pradesh",25.123212964085845,83.28377621180456
"Chandel","Manipur",24.235991532776833,94.07358911709643
"Chandigarh","Chandigarh",30.73038580389116,76.77666675399797
"Chandrapur","Maharashtra",20.095839069047678,79.3985368396491
"Changlang","Arunanchal Pradesh",27.268189650963368,96.40155779860953
"Chatra","Jharkhand",24.103818492975048,84.8984235619711
"Chennai","Tamil Nadu",13.066032041715918,80.25328660085216
"Chhatarpur","Madhya Pradesh",24.761400583944024,79.71028559330301
"Chhindwara","Madhya Pradesh",22.139025673850057,78.82888418743116
"Chikkaballapura","Karnataka",13.588353465473485,77.78537160767328
"Chikmagalur","Karnataka",13.407254202287845,75.72209412739406
"Chirang","Assam",26.651135380643147,90.65643347131994
"Chitradurga","Karnataka",14.304912534646068,76.5254061480131
"Chitrakoot","Uttar Pradesh",25.216416126383205,81.12655418159248
"Chittaurgarh","Rajasthan",24.719518785818323,74.96422318823926
"Chittoor","Andhra Pradesh",13.308130351074418,79.05982440430802
"Churachandpur","Manipur",24.277247553719032,93.42642646669529
"Churu","Rajasthan",28.204568245081635,74.7663770387405
"Coimbatore","Tamil Nadu",10.811215402499379,76.97829327831236
"Cuddalore","Tamil Nadu",11.526362434036757,79.34499765759455
"Y.s.r.","Andhra Pradesh",14.480263225170802,78.7098222580097
"Cuttack","Odisha",20.331302820326428,85.64318172642203
"Dadra & Nagar Haveli","Dadara & Nagar Havelli",20.20639058664557,73.06549993813822
"Dakshin Bastar Dantewada","Chhattisgarh",18.5632384474912,81.44270603062424
"Dakshin Dinajpur","West Bengal",25.379603626489768,88.5989632554022
"Dakshina Kannada","Karnataka",13.063876112231995,75.17006353820992
"Daman","Daman & Diu",20.421587934956037,72.85264432868479
"Damoh","Madhya Pradesh",23.79644340002942,79.50660651169576
"Darbhanga","Bihar",26.157387321752097,86.0401071333475
"Darjiling","West Bengal",26.833357013093504,88.43838717234956
"Darrang","Assam",26.43765243602641,92.06710828087749
"Data Not Available","Jammu & Kashmir",34.91806914274309,75.00803108152357
"Datia","Madhya Pradesh",25.918013573208988,78.53025228701526
"Davanagere","Karnataka",14.367209543696614,75.96713206485552
"Debagarh","Odisha",21.436545509518908,84.8476213501109
"Dehradun","Uttarakhand",30.45873443105647,77.94376859632388
"Deoghar","Jharkhand",24.332606261299077,86.76479951736451
"Deoria","Uttar Pradesh",26.423909496061995,83.83521144474062
"Dewas","Madhya Pradesh",22.806857806498684,76.51382226283766
"Dhalai","Tripura",23.826197514414943,91.96213109800377
"Dhamtari","Chhattisgarh",20.535143907715476,81.79335711617941
"Dhanbad","Jharkhand",23.840639508632655,86.47001865614783
"Dhar","Madhya Pradesh",22.578221724743486,75.09294735283211
"Dharmapuri","Tamil Nadu",12.142812670228622,78.21111140046112
"Dharwad","Karnataka",15.369925995435512,75.14170902597303
"Dhaulpur","Rajasthan",26.65410812859072,77.74895231945084
"Dhemaji","Assam",27.545216228305364,94.8656222012174
"Dhenkanal","Odisha",20.835260593929654,85.45402403062191
"Dhubri","Assam",25.930547509495526,90.09188413166521
"Dhule","Maharashtra",21.13195695084149,74.52832567326429
"Dibang Valley","Arunanchal Pradesh",28.9678697890199,95.93291128497813
"Dibrugarh","Assam",27.40089237901617,95.03102395203236
"Dindigul","Tamil Nadu",10.425952998533285,77.80267309414305
"Dindori","Madhya Pradesh",22.90596902485774,81.10959527473784
"Diu","Daman & Diu",20.735488899884096,71.0150012898686
"Doda","Jammu & Kashmir",33.12638862539906,75.70157623485407
"Dohad","Gujarat",22.917635069185195,74.13776634657874
"Dumka","Jharkhand",24.311922525274753,87.29340437200909
"Dungarpur","Rajasthan",23.676736487468336,73.87056129032891
"Durg","Chhattisgarh",21.20107767906341,81.37408980302783
"Dimapur","Nagaland",25.80376118767671,93.77144227627733
"East","NCT of Delhi",28.62532034168997,77.29909899148794
"East","Sikkim",27.279880349278983,88.68679604047256
"East Garo Hills","Meghalaya",25.71498629517166,90.5737093345996
"East Godavari","Andhra Pradesh",17.16061655096155,82.05549692649643
"East Kameng","Arunanchal Pradesh",27.445122001588622,92.90572416549004
"East Khasi Hills","Meghalaya",25.38503446861427,91.74949904934535
"East Nimar","Madhya Pradesh",21.97794003073909,76.6229283227658
"East Siang","Arunanchal Pradesh",28.15529651222132,95.15933969248428
"Ernakulam","Kerala",10.045158590297845,76.50438034323071
"Erode","Tamil Nadu",11.487519049183964,77.38469120859014
"Etah","Uttar Pradesh",27.546474840144846,78.72760273873567
"Etawah","Uttar Pradesh",26.715517672914963,79.0420276234201
"Faizabad","Uttar Pradesh",26.66300553704952,82.01140442647844
"Faridabad","Haryana",28.331981731914084,77.35088116801968
"Faridkot","Punjab",30.598773893452815,74.76306184235318
"Farrukhabad","Uttar Pradesh",27.436368091129907,79.4356075158498
"Fatehabad","Haryana",29.53588325936081,75.59165919406239
"Fatehgarh Sahib","Punjab",30.64375989232299,76.33549297389925
"Fatehpur","Uttar Pradesh",25.83327461968399,80.77617306258564
"Firozabad","Uttar Pradesh",27.19348115310473,78.51552796198533
"Firozpur","Punjab",30.55436570958745,74.49965392758952
"Gadag","Karnataka",15.41512518252586,75.66016253192092
"Gajapati","Odisha",19.194391048292914,84.12195948280623
"Ganderbal","Jammu & Kashmir",34.311996831605626,75.19204114230048
"Gandhinagar","Gujarat",23.279992180910828,72.68352856190798
"Ganganagar","Rajasthan",29.45511258393585,73.47713349986074
"Ganjam","Odisha",19.632640698778538,84.65877116947524
"Garhchiroli","Maharashtra",19.755758610245522,80.32168328161946
"Garhwa","Jharkhand",24.050060240400416,83.70043621172488
"Garhwal","Uttarakhand",29.880652568627475,78.71414395042095
"Gautam Buddha Nagar","Uttar Pradesh",28.37865380403406,77.5342118530356
"Gaya","Bihar",24.667564278693945,84.84516703922998
"Ghaziabad","Uttar Pradesh",28.736156980888765,77.70704963634361
"Ghazipur","Uttar Pradesh",25.60018654972557,83.51413021937864
"Giridih","Jharkhand",24.33455592427613,86.1227720742577
"Goalpara","Assam",26.06257952065112,90.61158831662806
"Godda","Jharkhand",24.864732574509638,87.2866458842414
"Golaghat","Assam",26.32688843484508,93.7343493860236
"Gonda","Uttar Pradesh",27.11035243639929,82.06198852530383
"Gondiya","Maharashtra",21.1438052730278,80.23925130897916
"Gopalganj","Bihar",26.422562240428228,84.41027121611127
"Gorakhpur","Uttar Pradesh",26.679556467167558,83.37146421481185
"Gulbarga","Karnataka",17.239609350318236,76.87934544551428
"Gumla","Jharkhand",23.158709418110302,84.52629813796702
"Guna","Madhya Pradesh",24.49979890391787,77.2705645750956
"Guntur","Andhra Pradesh",16.28830902843665,80.05309852512755
"Gurdaspur","Punjab",32.0852293817238,75.41952620748131
"Gurgaon","Haryana",28.36852522061919,76.94956597195917
"Gwalior","Madhya Pradesh",25.953590711974478,78.28175037518518
"Hailakandi","Assam",24.50530639124731,92.59927086915529
"Hamirpur","Himachal Pradesh",31.657432216404075,76.51547056779515
"Hamirpur","Uttar Pradesh",25.78150345567125,79.85662589006571
"Hanumangarh","Rajasthan",29.366808971209025,74.66252978203359
"Haora","West Bengal",22.499660678819282,88.1074251501801
"Harda","Madhya Pradesh",22.244940231927238,77.14249880061809
"Hardoi","Uttar Pradesh",27.335835810561377,80.25809732090282
"Hardwar","Uttarakhand",29.8928667548029,78.02933574898768
"Hassan","Karnataka",13.029809643972769,76.0955282208192
"Mahamaya Nagar","Uttar Pradesh",27.54683550033498,78.20348102518177
"Haveri","Karnataka",14.717347663477952,75.41893846050148
"Hazaribagh","Jharkhand",24.014414557206322,85.47624013638602
"Hingoli","Maharashtra",19.54204857454241,77.08511694477201
"Hisar","Haryana",29.239646271493168,75.78901125797162
"Hoshangabad","Madhya Pradesh",22.6011998215248,77.9519791808676
"Hoshiarpur","Punjab",31.605852743452616,75.9133273478894
"Hugli","West Bengal",22.912604869019944,88.00777752011862
"Hyderabad","Andhra Pradesh",17.38866294308351,78.4650911544936
"Idukki","Kerala",9.81323739453339,77.021847586838
"Imphal East","Manipur",24.81350853735423,93.95936661148377
"Imphal West","Manipur",24.704424438795186,93.15993218430035
"Indore","Madhya Pradesh",22.711349265251762,75.83442472708256
"Jabalpur","Madhya Pradesh",23.220459575622108,79.96780955395536
"Jagatsinghapur","Odisha",20.1877415694388,86.40044427130005
"Jaintia Hills","Meghalaya",25.390559600565897,92.39490980077196
"Jaipur","Rajasthan",27.15165191283436,75.60491388002691
"Jaisalmer","Rajasthan",27.02917726974852,70.91374820207197
"Jajapur","Odisha",20.87346535860656,86.15542768007762
"Jalandhar","Punjab",31.292955258351192,75.51331541468795
"Jalaun","Uttar Pradesh",26.105966841653032,79.44439607748063
"Jalgaon","Maharashtra",20.84230943068102,75.58002834645148
"Jalna","Maharashtra",19.96155571508068,76.06141306798648
"Jalor","Rajasthan",25.20809895760529,72.1424177626139
"Jalpaiguri","West Bengal",26.62921184641946,89.13985988236195
"Jammu","Jammu & Kashmir",32.750984440850026,74.80608249423841
"Jamnagar","Gujarat",22.330634244289488,69.79898897698855
"Jamtara","Jharkhand",23.98262777861502,86.88531291630011
"Jamui","Bihar",24.756491852506112,86.22250401697417
"Janjgir-champa","Chhattisgarh",21.968614399157786,82.8148877610989
"Jashpur","Chhattisgarh",22.76854754312718,83.89947002124839
"Jaunpur","Uttar Pradesh",25.794323499243887,82.60587735272577
"Jhabua","Madhya Pradesh",22.813444654480605,74.58634822006725
"Jhajjar","Haryana",28.61040186040516,76.62445410865226
"Jhalawar","Rajasthan",24.314494692545566,76.20313133348553
"Jhansi","Uttar Pradesh",25.528014190421498,78.86094033456855
"Jharsuguda","Odisha",21.80165347425951,83.91010346646037
"Jhunjhunun","Rajasthan",28.08013608552266,75.56427849796887
"Jodhpur","Rajasthan",26.7356590747749,72.8308840665122
"Jorhat","Assam",26.765063125831993,94.21384408127153
"Junagadh","Gujarat",21.202900870144916,70.58352917861637
"Jyotiba Phule Nagar","Uttar Pradesh",28.74324898763477,78.35652367256394
"Kachchh","Gujarat",23.707247598426456,69.9514170983571
"Kaimur (bhabua)","Bihar",24.974649146961177,83.61235720500409
"Kaithal","Haryana",29.85655668608578,76.35070076281283
"Kalahandi","Odisha",19.819021755371296,83.15966915264178
"Kamrup","Assam",26.147664905747835,91.3816952153402
"Kamrup Metropolitan","Assam",26.054989201100234,91.81663611548763
"Kancheepuram","Tamil Nadu",12.685651499296966,79.91646742474546
"Kandhamal","Odisha",20.133008834295715,84.04166316154371
"Kangra","Himachal Pradesh",32.07841482763842,76.33720326315824
"Uttar Bastar Kanker","Chhattisgarh",20.120998751421624,81.10928452115762
"Kannauj","Uttar Pradesh",26.9976417000616,79.66986025979753
"Kanniyakumari","Tamil Nadu",8.32861314060246,77.34558014065072
"Kannur","Kerala",11.987300857449451,75.55430028295892
"Kanpur Dehat","Uttar Pradesh",26.47139559473356,79.83985531200835
"Kanpur Nagar","Uttar Pradesh",26.438988241590195,80.25396699232707
"Kansiram Nagar","Uttar Pradesh",27.796632647705522,78.84362388340975
"Kapurthala","Punjab",31.38563345345834,75.42997877246891
"Karbi Anglong","Assam",26.070155810454807,93.0244283400466
"Kargil","Jammu & Kashmir",33.8782353638847,76.44407506727603
"Karimganj","Assam",24.58194249679572,92.40095174026453
"Karimnagar","Andhra Pradesh",18.526317140475303,79.43327840059192
"Karnal","Haryana",29.69512686487822,76.83857767650134
"Karur","Tamil Nadu",10.82007651963847,78.16845924593909
"Kasaragod","Kerala",12.427926007963636,75.14800488085908
"Kathua","Jammu & Kashmir",32.56467308904731,75.56683538014545
"Katihar","Bihar",25.54071997120218,87.64182516499434
"Katni","Madhya Pradesh",23.72087477314856,80.38898917699433
"Kaushambi","Uttar Pradesh",25.534387806701872,81.48635248070894
"Kendrapara","Odisha",20.549752543064354,86.67337360120288
"Kendujhar","Odisha",21.588118830781163,85.78116279084904
"Khagaria","Bihar",25.491468742048426,86.57051768535212
"Khammam","Andhra Pradesh",17.70213582799588,80.797933760058
"Kheda","Gujarat",22.893757428695302,73.04205704177379
"Kheri","Uttar Pradesh",28.18225854717825,80.66687408902288
"Khordha","Odisha",20.054700585141553,85.5094754833354
"Khunti","Jharkhand",22.924059502705,85.28099941139084
"Kinnaur","Himachal Pradesh",31.59393100655638,78.38133008765871
"Kiphire","Nagaland",25.81078802503967,94.8133731097119
"Kishanganj","Bihar",26.24426693045232,87.95201606498173
"Kishtwar","Jammu & Kashmir",33.60958244462518,76.13390453199227
"Koch Bihar","West Bengal",26.239756540639924,89.25257838038893
"Kodagu","Karnataka",12.38123944192087,75.77850561649271
"Kodarma","Jharkhand",24.459358548304934,85.49766289993244
"Kohima","Nagaland",25.771464968496097,94.13983843489004
"Kokrajhar","Assam",26.515215228494675,90.13270165942508
"Kolar","Karnataka",13.179501362714463,78.21488076042753
"Kolasib","Mizoram",24.235936828459472,92.71592499882797
"Kolhapur","Maharashtra",16.460750691936507,74.19525047973126
"Kolkata","West Bengal",22.565844083449996,88.34250063649529
"Kollam","Kerala",8.966023926208695,76.87230781444184
"Koppal","Karnataka",15.573548518829778,76.29302276859231
"Koraput","Odisha",18.73831192609444,82.75435038742609
"Korba","Chhattisgarh",22.517263654904994,82.63245432673683
"Koriya","Chhattisgarh",23.43047839816522,82.16853912846827
"Kota","Rajasthan",25.191238195811124,76.10340805328505
"Kottayam","Kerala",9.628865314823248,76.6765910729065
"Kozhikode","Kerala",11.463827200246245,75.84082218802368
"Krishna","Andhra Pradesh",16.42591858869823,80.77774134711393
"Krishnagiri","Tamil Nadu",12.515223238853965,78.07281262851427
"Kulgam","Jammu & Kashmir",33.63978218426495,74.83765748493103
"Kullu","Himachal Pradesh",31.87876246785475,77.40387795917346
"Kupwara","Jammu & Kashmir",34.57706451562677,74.25586882931333
"Kurnool","Andhra Pradesh",15.53326386035267,77.95366653818218
"Kurukshetra","Haryana",30.053253597230388,76.7743201558465
"Kurung Kumey","Arunanchal Pradesh",27.990597064157843,93.34249407590346
"Kushinagar","Uttar Pradesh",26.922646643898165,83.97599438304309
"Lahul & Spiti","Himachal Pradesh",32.500889176468455,77.52156488181802
"Lakhimpur","Assam",27.171526905872298,94.14148494475299
"Lakhisarai","Bihar",25.153640469089762,86.14342017982722
"Lalitpur","Uttar Pradesh",24.69848671295283,78.58208454681372
"Latehar","Jharkhand",23.686258800303214,84.46932556916951
"Latur","Maharashtra",18.352967524630223,76.74841475590307
"Lawangtlai","Mizoram",22.369774051448793,92.73770442827998
"Leh (ladakh)","Jammu & Kashmir",34.16656239122345,78.35187534640426
"Lohardaga","Jharkhand",23.478015322242292,84.67045025674125
"Lohit","Arunanchal Pradesh",27.959163481196356,96.23148583608281
"Longleng","Nagaland",26.583543278586347,94.7960421562212
"Lower Dibang Valley","Arunanchal Pradesh",28.339321740086294,95.87924807259071
"Lower Subansiri","Arunanchal Pradesh",27.646102949429988,93.93867144941117
"Lucknow","Uttar Pradesh",26.830237853786553,80.88974551697797
"Ludhiana","Punjab",30.789596140544973,75.86515532426586
"Lunglei","Mizoram",22.951002063651135,92.76171595241125
"Madhepura","Bihar",25.781933933104057,86.8625911437495
"Madhubani","Bihar",26.355387671408295,86.23883259386137
"Madurai","Tamil Nadu",9.935826400943139,77.96802083559766
"Maharajganj","Uttar Pradesh",27.179299830410237,83.52962825330968
"Mahasamund","Chhattisgarh",21.187517944503792,82.6388551329133
"Mahbubnagar","Andhra Pradesh",16.53496873293505,78.23837351601823
"Mahe","Puducherry",11.726025096032167,75.54354039173825
"Mahendragarh","Haryana",28.135148826745116,76.13427357180319
"Mahesana","Gujarat",23.566799374981542,72.4029600188834
"Mahoba","Uttar Pradesh",25.3365176021938,79.71362593819057
"Mainpuri","Uttar Pradesh",27.1999495245868,79.07680926446986
"Malappuram","Kerala",11.105595506514,76.18941356615603
"Maldah","West Bengal",25.097908945946436,88.11554096336278
"Malkangiri","Odisha",18.274868969861622,81.91939253106486
"Mamit","Mizoram",23.75650942388439,92.46708910043242
"Mandi","Himachal Pradesh",31.651535650437772,77.0060606633042
"Mandla","Madhya Pradesh",22.688167952705946,80.57433779761189
"Mandsaur","Madhya Pradesh",24.261105184189265,75.40426039742158
"Mandya","Karnataka",12.636326109545504,76.83264888574809
"Mansa","Punjab",29.876939336595647,75.4721499257572
"Marigaon","Assam",26.288918223781856,92.25711358470984
"Mathura","Uttar Pradesh",27.598986439618706,77.6175747543356
"Mau","Uttar Pradesh",26.037991828989114,83.56211214588268
"Mayurbhanj","Odisha",21.916179079258278,86.4241836420936
"Medak","Andhra Pradesh",17.852375087794133,78.28955262870275
"Meerut","Uttar Pradesh",28.999231460912746,77.78746939642247
"Mewat","Haryana",27.992424828701168,77.09656674064587
"Mirzapur","Uttar Pradesh",24.93499343055328,82.63400172840879
"Moga","Punjab",30.792478055489283,75.16249554822662
"Mokokchung","Nagaland",26.477967296165616,94.526387558393
"Mon","Nagaland",26.735562827145493,95.0139278158035
"Moradabad","Uttar Pradesh",28.807910484301935,78.69545370451647
"Morena","Madhya Pradesh",26.38522669389677,77.82979017221261
"Muktsar","Punjab",30.285401654782955,74.5370347859776
"Mumbai","Maharashtra",18.950038597674375,72.85099775178624
"Mumbai Suburban","Maharashtra",19.123994704559614,72.88117024978638
"Munger","Bihar",25.222690334098772,86.51714719108313
"Murshidabad","West Bengal",24.287806630822576,88.2805078130787
"Muzaffarnagar","Uttar Pradesh",29.44480512531899,77.61670561158189
"Muzaffarpur","Bihar",26.14735974482035,85.31558415169755
"Mysore","Karnataka",12.19667890772615,76.52309898755767
"Nabarangapur","Odisha",19.62713412776627,82.35074585879438
"Nadia","West Bengal",23.53782816157637,88.47049710849808
"Nagaon","Assam",26.20562507296372,92.86237433196254
"Nagaur","Rajasthan",27.05743626210753,74.24149678082142
"Nagpur","Maharashtra",21.15165226179907,78.95609484594286
"Nainital","Uttarakhand",29.293736594395078,79.41061110023301
"Nalanda","Bihar",25.213528222755613,85.54541358032651
"Nalbari","Assam",26.35894435504349,91.39400503175474
"Nalgonda","Andhra Pradesh",17.0894231158522,79.34613337230405
"Namakkal","Tamil Nadu",11.302246439030652,78.08510532234138
"Nanded","Maharashtra",19.096452790601127,77.65321794368282
"Nandurbar","Maharashtra",21.512886758417174,74.17685688993163
"Narayanpur","Chhattisgarh",19.65991889130086,81.08948505068054
"Narmada","Gujarat",21.738330564506917,73.64309985380899
"Narsimhapur","Madhya Pradesh",22.933874860054654,79.04120973918407
"Nashik","Maharashtra",20.22566997853889,74.09385340709139
"Navsari","Gujarat",20.828026114878885,73.09842896993202
"Nawada","Bihar",24.81890711621019,85.66376859144103
"Nayagarh","Odisha",20.239101998839146,84.97136302829381
"Neemuch","Madhya Pradesh",24.646433062726302,75.1621943989649
"Sri Potti Sriramulu Nellore","Andhra Pradesh",14.292474863366582,79.67067746006036
"New Delhi","NCT of Delhi",28.6090023244136,77.21841602878618
"Nizamabad","Andhra Pradesh",18.540361968030332,78.10107189441268
"North","NCT of Delhi",28.717146025329633,77.20946170287795
"North","Sikkim",27.75437749673206,88.50548190756524
"North 24 Parganas","West Bengal",22.4011794779023,88.71549434480018
"Dima Hasao","Assam",25.395325064962712,93.00155364766385
"North East","NCT of Delhi",28.722981714731915,77.27552227710844
"North Goa","Goa",15.534903450217023,73.97829219267706
"North Tripura","Tripura",24.09018886421759,92.12484933811207
"North West","NCT of Delhi",28.77382441736198,77.08751995945288
"Nuapada","Odisha",20.54037909982594,82.59710980812439
"Osmanabad","Maharashtra",18.17028733234635,76.03767413023132
"Pakur","Jharkhand",24.531985860769453,87.6541779778691
"Palakkad","Kerala",10.786871325015099,76.46807412545175
"Palamu","Jharkhand",24.214531690237234,84.20079243023375
"Pali","Rajasthan",25.609190609791664,73.58983908299442
"Palwal","Haryana",28.058663005960966,77.31053958266119
"Panch Mahals","Gujarat",22.87075569777921,73.68718928490037
"Panchkula","Haryana",30.69989911767339,76.97584708681892
"Panipat","Haryana",29.326948052952954,76.90026271447215
"Panna","Madhya Pradesh",24.472547943376938,80.20758637315802
"Papum Pare","Arunanchal Pradesh",27.30249193513032,93.71889010148368
"Parbhani","Maharashtra",19.307986111401828,76.66495456004617
"Pashchim Champaran","Bihar",27.052081400974732,84.29907222227051
"Pashchim Medinipur","West Bengal",22.358716928789256,87.22652559188323
"Pashchimi Singhbhum","Jharkhand",22.42786825421393,85.51763316317805
"Patan","Gujarat",23.77085188939857,71.75599838862536
"Pathanamthitta","Kerala",9.280377756267411,76.88051608120773
"Patiala","Punjab",30.235306700021866,76.36812488083706
"Patna","Bihar",25.466477038994377,85.37683383169347
"Perambalur","Tamil Nadu",11.285749111895196,78.90135610565817
"Peren","Nagaland",25.448596370256077,93.63999541677721
"Phek","Nagaland",25.68631222926637,94.54625141108895
"Pilibhit","Uttar Pradesh",28.501204019323744,80.01670966736398
"Pithoragarh","Uttarakhand",30.125225818525475,80.43247480171925
"Porbandar","Gujarat",21.602152074164096,69.76099017543382
"Prakasam","Andhra Pradesh",15.635987127847443,79.61227334920454
"Pratapgarh","Rajasthan",24.019449333333995,74.6448749557192
"Pratapgarh","Uttar Pradesh",25.87309762325736,81.88225198492185
"Pudukkottai","Tamil Nadu",10.289214239969153,78.8567481305585
"Pulwama","Jammu & Kashmir",33.93076664878854,74.98732304681468
"Punch","Jammu & Kashmir",33.69253504871694,74.21751066348807
"Pune","Maharashtra",18.643496673533527,74.24306435806669
"Purba Champaran","Bihar",26.637911254980324,84.89257709741207
"Purba Medinipur","West Bengal",22.058401652074593,87.81094436468257
"Purbi Singhbhum","Jharkhand",22.614011182886856,86.48056643081053
"Puri","Odisha",19.82973632408435,85.75738157292153
"Purnia","Bihar",25.779462204861158,87.42881122484266
"Puruliya","West Bengal",23.201948923887617,86.36599232755145
"Rae Bareli","Uttar Pradesh",26.207441496246002,81.14779577982141
"Raichur","Karnataka",16.053715942552053,76.91623989897965
"Raigarh","Chhattisgarh",22.066545352485107,83.36587505482902
"Raigarh","Maharashtra",18.492613382889925,73.25350664124366
"Raipur","Chhattisgarh",20.830109858525905,82.25963751756885
"Raisen","Madhya Pradesh",23.26746609313018,78.08822916296603
"Rajouri","Jammu & Kashmir",33.31712459714117,74.39655312158837
"Rajgarh","Madhya Pradesh",23.86820377707415,76.71585165827584
"Rajkot","Gujarat",22.35057377283756,70.7678869289615
"Rajnandgaon","Chhattisgarh",20.971093789326126,80.80357259314877
"Rajsamand","Rajasthan",25.378830851654946,73.94589735900558
"Ramanagara","Karnataka",12.719589808083832,77.35341205729316
"Ramanathapuram","Tamil Nadu",9.519595521275775,78.7036065148518
"Ramban","Jammu & Kashmir",33.3388070812683,75.21345958458551
"Ramgarh","Jharkhand",23.679344509190237,85.54675505901085
"Rampur","Uttar Pradesh",28.775487293976553,79.12650170685818
"Ranchi","Jharkhand",23.299543618174745,85.38565554891412
"Rangareddy","Andhra Pradesh",17.27988772752733,78.10963877316829
"Ratlam","Madhya Pradesh",23.502213492719143,75.10388201312165
"Ratnagiri","Maharashtra",17.28170317463741,73.44723205305112
"Rayagada","Odisha",19.44113896078583,83.45555578290117
"Reasi","Jammu & Kashmir",33.197588989806164,74.79643157133748
"Rewa","Madhya Pradesh",24.756633658909337,81.67687543471331
"Rewari","Haryana",28.216871014855222,76.57385483894689
"Ri Bhoi","Meghalaya",25.878288546146536,91.82417628322813
"Rohtak","Haryana",28.89277186244785,76.55725276662714
"Rohtas","Bihar",24.93896956348958,83.98338906271954
"Rudraprayag","Uttarakhand",30.511812627137033,79.0867388900654
"Rupnagar","Punjab",31.092242780074656,76.51515086226478
"Sabar Kantha","Gujarat",23.776691663299253,73.1916823526791
"Sagar","Madhya Pradesh",23.809400591547575,78.70554061644117
"Saharanpur","Uttar Pradesh",29.984314746839402,77.53463034511478
"Saharsa","Bihar",25.837113449286,86.5939250283109
"Sahibganj","Jharkhand",25.0333082070657,87.7167429663022
"Sahibzada Ajit Singh Nagar","Punjab",30.646563185110622,76.7297878111444
"Saiha","Mizoram",22.375263624155203,93.01518806095473
"Salem","Tamil Nadu",11.64449935486071,78.24716705113161
"Samastipur","Bihar",25.776850023770898,85.9750287657255
"Samba","Jammu & Kashmir",32.586370892049615,75.10155754803765
"Sambalpur","Odisha",21.55620463229903,84.28613615748876
"Sangli","Maharashtra",17.171736825250782,74.68650842856069
"Sangrur","Punjab",30.20787421054741,75.88136037470252
"Sant Kabir Nagar","Uttar Pradesh",26.757991539210234,83.03205604354179
"Sant Ravi Das Nagar(bhadohi)","Uttar Pradesh",25.358287221193734,82.45292662107875
"Saraikela-kharsawan","Jharkhand",22.818378715573516,85.88055240316613
"Saran (chhapra)","Bihar",25.922467741583297,84.80666350057
"Satara","Maharashtra",17.637165053201212,74.22015672647063
"Satna","Madhya Pradesh",24.578275985840982,80.87296341163906
"Sehore","Madhya Pradesh",23.122718763103585,77.2401078749367
"Senapati","Manipur",25.103621013057946,94.07903763700831
"Seoni","Madhya Pradesh",22.27207527347839,79.74532940268588
"Serchhip","Mizoram",23.26298236321456,92.94039073903274
"Shahdol","Madhya Pradesh",23.65177733011133,81.49197442767633
"Shahid Bhagat Singh Nagar","Punjab",31.12716894613306,76.15248934681142
"Shahjahanpur","Uttar Pradesh",27.96417702251801,79.85132047936084
"Shajapur","Madhya Pradesh",23.716292344151274,76.36895878012103
"Sheikhpura","Bihar",25.125308329745003,85.79649742998402
"Sheohar","Bihar",26.52216320421673,85.28484216778698
"Sheopur","Madhya Pradesh",25.745054365695694,77.07560167803996
"Shimla","Himachal Pradesh",31.23943692991452,77.6530354717394
"Shimoga","Karnataka",14.056517074813907,75.25326788649039
"Shivpuri","Madhya Pradesh",25.375628753679536,77.74011049796891
"Shrawasti","Uttar Pradesh",27.607458300735935,81.9164452185463
"Shupiyan","Jammu & Kashmir",33.72913802934684,74.790894198866
"Sivasagar","Assam",26.994067743858565,94.88780872030699
"Siddharth Nagar","Uttar Pradesh",27.261137501617664,82.86640391056048
"Sidhi","Madhya Pradesh",24.21363015667773,81.84266227942736
"Sikar","Rajasthan",27.662047439476858,75.38925426923475
"Simdega","Jharkhand",22.587567847176473,84.54384169651408
"Sindhudurg","Maharashtra",16.134732406252695,73.76219685355863
"Singrauli","Madhya Pradesh",24.24357201289533,82.34633533099947
"Sirmaur","Himachal Pradesh",30.700937755583052,77.42191399419002
"Sirohi","Rajasthan",24.8068275726239,72.70438389788828
"Sirsa","Haryana",29.60803315447403,74.8883176335668
"Sitamarhi","Bihar",26.572194274701374,85.53365033921249
"Sitapur","Uttar Pradesh",27.50262506194361,80.86125105293884
"Sivaganga","Tamil Nadu",9.96287974305006,78.57035735323021
"Siwan","Bihar",26.13099337824245,84.39688590591847
"Solan","Himachal Pradesh",31.057275206810758,76.92756851743935
"Solapur","Maharashtra",17.83415707138596,75.51917213944117
"Subarnapur","Odisha",20.853181506480333,83.86652295071029
"Sonbhadra","Uttar Pradesh",24.388678214926987,83.03810926350138
"Sonipat","Haryana",29.051340538509766,76.85391358513864
"Sonitpur","Assam",26.766114312808014,93.05927320938912
"South","NCT of Delhi",28.505488151586697,77.22942626930072
"South","Sikkim",27.30455555504065,88.40394922742465
"South 24 Parganas","West Bengal",22.082518935243044,88.419427638093
"South Garo Hills","Meghalaya",25.34855315284465,90.60256893201603
"South Goa","Goa",15.12192670175861,74.05963975706817
"South Tripura","Tripura",23.35368804716125,91.59091835637437
"South West","NCT of Delhi",28.576364479245896,77.02824194316389
"Srikakulam","Andhra Pradesh",18.624143728271605,84.09138685994215
"Srinagar","Jammu & Kashmir",34.16284364621313,74.92973302910147
"Sultanpur","Uttar Pradesh",26.318171276878928,82.11527398729982
"Sundargarh","Odisha",22.059835450500827,84.45842747812833
"Supaul","Bihar",26.27982589464975,86.75464915650474
"Surat","Gujarat",21.189603467857793,73.13956386961924
"Surendranagar","Gujarat",22.827019821596313,71.56671442880182
"Surguja","Chhattisgarh",23.366049796968618,83.2881962681564
"Tamenglong","Manipur",24.977495554722964,93.55175736915362
"Tarn Taran","Punjab",31.327772574361607,74.89659169758866
"Tawang","Arunanchal Pradesh",27.661342527536505,92.01251485380381
"Tehri Garhwal","Uttarakhand",30.466118237871548,78.48653084698859
"Thane","Maharashtra",19.60694444913716,73.22047934311854
"Thanjavur","Tamil Nadu",10.660408160781625,79.17607368166364
"The Dangs","Gujarat",20.822793986109893,73.70500741126878
"The Nilgiris","Tamil Nadu",11.446300550374879,76.62455947780234
"Theni","Tamil Nadu",9.8665802377884,77.44838250311386
"Thiruvallur","Tamil Nadu",13.254798818217537,79.8160303376937
"Thiruvananthapuram","Kerala",8.575451804813488,76.97818558526238
"Thiruvarur","Tamil Nadu",10.64436792326893,79.5250862682443
"Thoothukkudi","Tamil Nadu",8.8461922417403,78.03243018633418
"Thoubal","Manipur",24.481663387429926,93.99631754132834
"Thrissur","Kerala",10.478685880080391,76.42972133393658
"Tikamgarh","Madhya Pradesh",24.997163023956837,78.89183003213105
"Tinsukia","Assam",27.597597422076163,95.6214326283588
"Tirap","Arunanchal Pradesh",26.956910174815818,95.44108031292774
"Tiruchirappalli","Tamil Nadu",10.848337130752725,78.58978478621049
"Tirunelveli","Tamil Nadu",8.779551818384922,77.5625759590872
"Tiruppur","Tamil Nadu",10.789782894477177,77.47286180079968
"Tiruvannamalai","Tamil Nadu",12.425980032305095,79.19503228869925
"Tonk","Rajasthan",26.120443133071177,75.72044007065966
"Tuensang","Nagaland",26.177257529129243,94.87465828491867
"Tumkur","Karnataka",13.544907233959677,76.93189027843462
"Udaipur","Rajasthan",24.462009284274025,73.7219343634075
"Udalguri","Assam",26.707876885739495,92.05830688513575
"Udhampur","Jammu & Kashmir",32.897351352281206,75.3855811911381
"Udham Singh Nagar","Uttarakhand",29.04445567976976,79.44449954192936
"Udupi","Karnataka",13.484283701082827,74.89109207945168
"Ujjain","Madhya Pradesh",23.294674644742056,75.6929518558185
"Ukhrul","Manipur",25.08735987154123,94.43480772351273
"Umaria","Madhya Pradesh",23.643861379019654,80.94151496146388
"Una","Himachal Pradesh",31.583109507957516,76.20783292531145
"Unnao","Uttar Pradesh",26.572326903676483,80.55132157408461
"Upper Siang","Arunanchal Pradesh",28.749931494185745,94.80206267349269
"Upper Subansiri","Arunanchal Pradesh",28.234733559361644,93.89224001616866
"Uttar Dinajpur","West Bengal",25.870256862916698,88.17148528531402
"Uttara Kannada","Karnataka",14.725512705105277,74.57848989734231
"Uttarkashi","Uttarakhand",30.967895617792664,78.57755973744611
"Vadodara","Gujarat",22.314401106346814,73.57283095691213
"Vaishali","Bihar",25.749899267928534,85.35398533560809
"Valsad","Gujarat",20.431810612244384,73.11093395700703
"Varanasi","Uttar Pradesh",25.373375202596456,82.93293760421172
"Vellore","Tamil Nadu",12.733027923606537,79.0988341663193
"Vidisha","Madhya Pradesh",23.846777224983903,77.77926701683371
"Viluppuram","Tamil Nadu",11.975863116719154,79.31588169767755
"Virudunagar","Tamil Nadu",9.43323222218796,78.41607515826705
"Visakhapatnam","Andhra Pradesh",17.897120975925425,82.67872735609053
"Vizianagaram","Andhra Pradesh",18.49574279216415,83.41189303161167
"Warangal","Andhra Pradesh",17.96460939777188,79.76372199325004
"Wardha","Maharashtra",20.824653529253226,78.64010699449148
"Washim","Maharashtra",20.303019786704734,77.14891031317839
"Wayanad","Kerala",11.713072180714109,76.11040533481562
"West","NCT of Delhi",28.653920471142,77.07016549581269
"West","Sikkim",27.364588603522087,88.18888214601336
"West Garo Hills","Meghalaya",25.578033854288307,90.13068559296471
"West Godavari","Andhra Pradesh",16.90061635338514,81.36574511484099
"West Kameng","Arunanchal Pradesh",27.335102350102197,92.46092181446589
"West Khasi Hills","Meghalaya",25.512451190714636,91.29178250935279
"West Nimar","Madhya Pradesh",21.960568573167272,75.72383177594067
"West Siang","Arunanchal Pradesh",28.29619592738468,94.4629300819779
"West Tripura","Tripura",23.753217163124937,91.46976214832964
"Wokha","Nagaland",26.24017881310347,94.17286706072657
"Yadgir","Karnataka",16.57075968848678,76.88501219068097
"Yavatmal","Maharashtra",20.06388958870953,78.21847304286871
"Zunheboto","Nagaland",26.023494933979137,94.52645529576249
"Kabeerdham","Chhattisgarh",22.11294298673318,81.19466583725372
"Yamunanagar","Haryana",30.21496244291619,77.3351665991174
"Jind","Haryana",29.450756493899487,76.34580949021885
"Dausa","Rajasthan",26.804894430552604,76.6185538111217
"Karauli","Rajasthan",26.516859479778745,76.94240007381418
"Sawai Madhopur","Rajasthan",26.22863002528286,76.48213737982203
"Arwal","Bihar",25.180675211828135,84.6643191546848
"Jehanabad","Bihar",25.15342635511061,85.03823643693107
"Nagappattinam","Tamil Nadu",10.845977984913816,79.69459901342873
"Karaikal","Puducherry",10.9155265360534,79.78632984913008
"Puducherry","Puducherry",11.912198563319844,79.73739959822319
"Yanam","Puducherry",16.731795627208218,82.24826673855713
"Tapi","Gujarat",21.18922962475397,73.7646933517307
"Nicobar","Andaman & Nicobar Island",8.006447414739354,93.33321962028519
"South Andaman","Andaman & Nicobar Island",11.41477153070209,93.0426074964405
"North & Middle Andaman","Andaman & Nicobar Island",12.869744905228746,93.46191309833955
"Lakshadweep","Lakshadweep",10.331629745083093,72.92730634533326